{"contract":"0xd5524179cB7AE012f5B642C1D6D700Bbaa76B96b","contract_eth_balance":70.11963265578711,"total_eth":70.11963265578711,"addresses_with_balance":263,"coverage_pct":100.0,"scan_date":"2026-04-02 23:09:58 UTC","distribution":{},"activity":null,"tvl":null}