{"contract":"0x0de845955e2bf089012f682fe9bc81dd5f11b372","contract_eth_balance":"1.743","total_eth":1.743,"addresses_with_balance":8,"coverage_pct":100.0,"scan_date":"2026-04-07 15:31:14 UTC","distribution":{"0.1-1 ETH":{"count":3,"total_eth":1.6640000000000001},"0.01-0.1 ETH":{"count":2,"total_eth":0.06899999999999999},"<0.01 ETH":{"count":3,"total_eth":0.010000000000000002}},"activity":null,"tvl":null}