{"contract":"0xa785ecdc8f166d0644b853f29732ae128c5d775b","contract_eth_balance":0.0,"total_eth":3.453018,"addresses_with_balance":8,"coverage_pct":100.0,"scan_date":"2026-04-07 15:10:27 UTC","distribution":{"1-10 ETH":{"count":2,"total_eth":2.204684291},"0.1-1 ETH":{"count":6,"total_eth":1.2483333300000001}},"activity":null,"tvl":null}