{"contract":"0xa6cd930fc92f1634d8183af2fb86bd1766f2f82a","contract_eth_balance":151.9787782,"total_eth":151.978778,"addresses_with_balance":1551,"coverage_pct":100.0,"scan_date":"2026-04-22 16:58:55 UTC","distribution":{">0 ETH":117,">0.01 ETH":1263,">0.1 ETH":151,">1 ETH":18,">10 ETH":2,">100 ETH":0},"activity":null,"tvl":null}