{"contract":"0xa6cd930fc92f1634d8183af2fb86bd1766f2f82a","contract_eth_balance":150.8387782,"total_eth":150.838778,"addresses_with_balance":1530,"coverage_pct":100.0,"scan_date":"2026-05-02 10:22:02 UTC","distribution":{">0 ETH":117,">0.01 ETH":1242,">0.1 ETH":151,">1 ETH":18,">10 ETH":2,">100 ETH":0},"activity":null,"tvl":null}