{"contract":"0x44e081cac2406a4efe165178c2a4d77f7a7854d4","contract_eth_balance":70.2605109,"total_eth":70.260511,"addresses_with_balance":32,"coverage_pct":100.0,"scan_date":"2026-05-02 13:30:50 UTC","distribution":{},"activity":null,"tvl":null}