{"contract":"0x87ae4928f6582376a0489e9f70750334bbc2eb35","contract_eth_balance":0.0,"total_eth":48.20481881476927,"addresses_with_balance":7,"coverage_pct":100.0,"scan_date":"2026-04-07 15:30:49 UTC","distribution":{"10-100 ETH":{"count":1,"total_eth":40.681817214774384},"1-10 ETH":{"count":2,"total_eth":7.0},"0.1-1 ETH":{"count":1,"total_eth":0.5},"0.01-0.1 ETH":{"count":1,"total_eth":0.015},"<0.01 ETH":{"count":2,"total_eth":0.008001599994882123}},"activity":null,"tvl":null}