{"contract":"0x87ae4928f6582376a0489e9f70750334bbc2eb35","contract_eth_balance":"48.204818814769265174","total_eth":7.523002,"addresses_with_balance":6,"coverage_pct":15.61,"scan_date":"2026-04-07 15:30:49 UTC","distribution":{"10-100 ETH":{"count":1,"total_eth":40.681817214774384},"1-10 ETH":{"count":2,"total_eth":7.0},"0.1-1 ETH":{"count":1,"total_eth":0.5},"0.01-0.1 ETH":{"count":1,"total_eth":0.015},"<0.01 ETH":{"count":2,"total_eth":0.008001599994882123}},"activity":null,"tvl":null,"stuck_excluded_eth":40.681817,"stuck_excluded_addrs":1,"pending_integration_eth":0.0,"pending_integration_addrs":0}