{"contract":"0xf1d29a124622c06f7026f35553543c833102183b","contract_eth_balance":158.82823,"total_eth":158.828223,"addresses_with_balance":2,"coverage_pct":100.0,"scan_date":"2026-04-10 09:50:02 UTC","distribution":{},"activity":null,"tvl":null}