{"contract":"0xe01e2a3ceafa8233021fc759e5a69863558326b6","contract_eth_balance":105.49299604,"total_eth":95.033167,"addresses_with_balance":358,"coverage_pct":90.08,"scan_date":"2026-05-02 14:51:01 UTC","distribution":{},"activity":null,"tvl":null}