{"contract":"0xf786c34106762ab4eeb45a51b42a62470e9d5332","contract_eth_balance":403.43595525,"total_eth":46.445802,"addresses_with_balance":4010,"coverage_pct":11.51,"scan_date":"2026-05-03 16:16:44 UTC","distribution":{},"activity":null,"tvl":null}