{"contract":"0x49128CF8ABE9071ee24540a296b5DED3F9D50443","contract_eth_balance":307.61033054,"total_eth":307.610331,"addresses_with_balance":1284,"coverage_pct":100.0,"scan_date":"2026-05-03 11:25:45 UTC","distribution":{},"activity":null,"tvl":null}