{"contract":"0xf563549daf64f684858e863e2731f19633d1acb1","contract_eth_balance":0.0,"total_eth":0.694375,"addresses_with_balance":2,"coverage_pct":100.0,"scan_date":"2026-04-07 15:10:33 UTC","distribution":{"0.1-1 ETH":{"count":2,"total_eth":0.694374789862119}},"activity":null,"tvl":null}