{"contract":"0x6b1803a257298292517668a5832bc5a27cb012fb","contract_eth_balance":49.275724,"total_eth":49.275724,"addresses_with_balance":6,"coverage_pct":100.0,"scan_date":"2026-04-10 09:46:20 UTC","distribution":{},"activity":null,"tvl":null}