{"contract":"0xc46188a5a7c1dfb04a99903544660ea83f986fb8","contract_eth_balance":720.22471,"total_eth":720.22471,"addresses_with_balance":10,"coverage_pct":100.0,"scan_date":"2026-04-16 14:46:17 UTC","distribution":{">=10":1,"1-10":0,"0.1-1":1,"0.01-0.1":1,"<0.01":7},"activity":null,"tvl":null}