{"contract":"0x4dac3e07316d2a31baabb252d89663dee8f76f09","contract_eth_balance":0.0,"total_eth":18.99736196605838,"addresses_with_balance":21,"coverage_pct":100.0,"scan_date":"2026-04-07 15:30:51 UTC","distribution":{"10-100 ETH":{"count":1,"total_eth":18.958235307890707},"0.01-0.1 ETH":{"count":2,"total_eth":0.03087},"<0.01 ETH":{"count":18,"total_eth":0.00825665816767563}},"activity":null,"tvl":null}