{"contract":"0xb9ed94c6d594b2517c4296e24a8c517ff133fb6d","contract_eth_balance":80.548492,"total_eth":80.548492,"addresses_with_balance":18,"coverage_pct":100.0,"scan_date":"2026-04-10 10:01:28 UTC","distribution":{},"activity":null,"tvl":null}