{"contract":"0x79c59c24465fc3cc92e6419d4b59fdd285d874cf","contract_eth_balance":"1.541439442","total_eth":1.541439,"addresses_with_balance":8,"coverage_pct":100.0,"scan_date":"2026-04-07 15:10:31 UTC","distribution":{"0.1-1 ETH":{"count":4,"total_eth":1.3988870000000002},"0.01-0.1 ETH":{"count":4,"total_eth":0.142552442}},"activity":null,"tvl":null}