{"contract":"0x35fFd6E268610E764fF6944d07760D0EFe5E40E5","contract_eth_balance":426.39846034,"total_eth":426.39846013,"addresses_with_balance":296,"coverage_pct":100.0,"scan_date":"2026-04-08 09:57:31 UTC","distribution":{">=10 ETH":10,"1-10 ETH":29,"0.1-1 ETH":90,"0.01-0.1 ETH":89,"<0.01 ETH":78},"activity":null,"tvl":null}