{"contract":"0x8519f68a987048b879bed6afab25a0414828c236","contract_eth_balance":"2.92692333","total_eth":2.926923,"addresses_with_balance":8,"coverage_pct":100.0,"scan_date":"2026-04-07 15:10:28 UTC","distribution":{"1-10 ETH":{"count":1,"total_eth":1.0},"0.1-1 ETH":{"count":4,"total_eth":1.8255899999999998},"0.01-0.1 ETH":{"count":2,"total_eth":0.09833333},"<0.01 ETH":{"count":1,"total_eth":0.003}},"activity":null,"tvl":null}