{"contract":"0x220a9f0dd581cbc58fcfb907de0454cbf3777f76","contract_eth_balance":559.71553176,"total_eth":457.881341,"addresses_with_balance":163,"coverage_pct":81.81,"scan_date":"2026-05-02 13:30:37 UTC","distribution":{},"activity":null,"tvl":null}