{"contract":"0x220a9f0dd581cbc58fcfb907de0454cbf3777f76","contract_eth_balance":559.71553176,"total_eth":457.515259,"addresses_with_balance":162,"coverage_pct":81.74,"scan_date":"2026-05-02 14:51:01 UTC","distribution":{},"activity":null,"tvl":null}