{"contract":"0x6f400810b62df8e13fded51be75ff5393eaa841f","contract_eth_balance":139.438144,"total_eth":139.438144,"addresses_with_balance":116,"coverage_pct":100.0,"scan_date":"2026-04-11 12:33:48 UTC","distribution":{"1_plus":18,"0.1_to_1":37,"0.01_to_0.1":43,"under_0.01":18},"activity":null,"tvl":null}