{"contract":"0x1ecb59aecf1fc5da695242c6e78c2007e775d40f","contract_eth_balance":134.15,"total_eth":134.15,"addresses_with_balance":90,"coverage_pct":100.0,"scan_date":"2026-04-23 22:16:16 UTC","distribution":{"10+ ETH":{"count":3,"total_eth":75.0},"1-10 ETH":{"count":14,"total_eth":35.45},"0.1-1 ETH":{"count":63,"total_eth":23.200000000000014},"0.01-0.1 ETH":{"count":10,"total_eth":0.49999999999999994}},"activity":[{"month":"2022-08","tx_count":9033},{"month":"2022-09","tx_count":10},{"month":"2022-11","tx_count":1},{"month":"2023-02","tx_count":3}],"tvl":null}