{"contract":"0x24f0bb6c9b2c3db66603fa0ec07ab0cf55cdd387","contract_eth_balance":153.00826195,"total_eth":150.608926,"addresses_with_balance":6470,"coverage_pct":98.43,"scan_date":"2026-05-02 14:51:01 UTC","distribution":{},"activity":null,"tvl":null}