{"contract":"0x24f0bb6c9b2c3db66603fa0ec07ab0cf55cdd387","contract_eth_balance":153.00826195,"total_eth":153.008262,"addresses_with_balance":6567,"coverage_pct":100.0,"scan_date":"2026-05-02 13:32:29 UTC","distribution":{},"activity":null,"tvl":null}