{"contract":"0x4ccc2339f87f6c59c6893e1a678c2266ca58dc72","contract_eth_balance":380.227945,"total_eth":380.228079,"addresses_with_balance":2441,"coverage_pct":100.0,"scan_date":"2026-04-11 12:18:02 UTC","distribution":{"1_plus":4,"0.1_to_1":96,"0.01_to_0.1":1001,"under_0.01":1340},"activity":null,"tvl":null}