{"contract":"0x96a4ed03206667017777f010dea4445823acb0fc","contract_eth_balance":"7.69094242245409398","total_eth":282.96445998824765,"addresses_with_balance":106,"coverage_pct":3679.19,"scan_date":"2026-03-19 20:32:20 UTC","distribution":{"10-100 ETH":{"count":7,"total_eth":147.65684382537324},"1-10 ETH":{"count":27,"total_eth":129.7709132586387},"0.1-1 ETH":{"count":12,"total_eth":5.027464858286025},"0.01-0.1 ETH":{"count":12,"total_eth":0.49409983672939484},"<0.01 ETH":{"count":48,"total_eth":0.015138209220250878}},"activity":null,"tvl":null}