{"contract":"0x9465A32618a9172b3c14d82cecdCa788dE1ef878","contract_eth_balance":0.4334233363508018,"total_eth":0.43342333634906965,"addresses_with_balance":56,"coverage_pct":100.0,"scan_date":"2026-04-28 19:46:03 UTC","distribution":{"0.01-0.1 ETH":{"count":11,"total_eth":0.33872875767789234},"<0.01 ETH":{"count":45,"total_eth":0.09469457867117731}}}
