{"contract":"0xb4f10530e531c32490c68062662eb5684057afb4","contract_eth_balance":"43.262955374268074828","total_eth":43.262955374268074,"addresses_with_balance":44,"coverage_pct":100.0,"scan_date":"2026-04-07 15:21:55 UTC","distribution":{"10-100 ETH":{"count":1,"total_eth":14.921809717082487},"1-10 ETH":{"count":11,"total_eth":20.674716397185588},"0.1-1 ETH":{"count":32,"total_eth":7.666429259999994}},"activity":null,"tvl":null}