{"contract":"0xd18475521245a127a933a4fcaf99e8c45a416f7e","contract_eth_balance":460.19999529,"total_eth":449.906536,"addresses_with_balance":1028,"coverage_pct":97.76,"scan_date":"2026-05-02 13:30:38 UTC","distribution":{},"activity":null,"tvl":null}