{"contract":"0x5b67871c3a857de81a1ca0f9f7945e5670d986dc","contract_eth_balance":536.204216,"total_eth":536.204216,"addresses_with_balance":635,"coverage_pct":100.0,"scan_date":"2026-04-16 15:30:06 UTC","distribution":{">=10 ETH":{"count":10,"total_eth":451.7828085824628},"1-10 ETH":{"count":21,"total_eth":73.06351859397701},"0.1-1 ETH":{"count":21,"total_eth":10.634298812220633},"0.01-0.1 ETH":{"count":19,"total_eth":0.4790991642857145},"<0.01 ETH":{"count":564,"total_eth":0.24449099294180532}},"activity":null,"tvl":null}