{"contract":"0xa383c8390adbcd387db93babdf3f30308391bd57","contract_eth_balance":59.67229268,"total_eth":54.839085,"addresses_with_balance":10,"coverage_pct":91.9,"scan_date":"2026-05-02 13:30:50 UTC","distribution":{},"activity":null,"tvl":null}