{"contract":"0x7ee7ca6e75de79e618e88bdf80d0b1db136b22d0","contract_eth_balance":"473.724471488642058659","total_eth":456.41345493649766,"addresses_with_balance":2802,"coverage_pct":96.35,"scan_date":"2026-04-05 11:32:30 UTC","distribution":{"10-100 ETH":{"count":7,"total_eth":230.2210937093693},"1-10 ETH":{"count":48,"total_eth":152.01148747048657},"0.1-1 ETH":{"count":181,"total_eth":52.70835899642936},"0.01-0.1 ETH":{"count":536,"total_eth":18.764439808178533},"<0.01 ETH":{"count":2030,"total_eth":2.7080749520341865}},"activity":null,"tvl":null}