{
  "contract": "0xbf4ed7b27f1d666546e30d74d50d173d20bca754",
  "token": "0xbb9bc244d798123fde783fcc1c72d3bb8c189413",
  "contract_eth_balance": "81914.94",
  "total_eth": 81914.921038,
  "addresses_with_balance": 4854,
  "coverage_pct": 100.0,
  "scan_date": "2026-03-31",
  "distribution": {
    ">=100 ETH": {
      "count": 135,
      "total_eth": 59088.446963
    },
    "10-100 ETH": {
      "count": 605,
      "total_eth": 17656.688453
    },
    "1-10 ETH": {
      "count": 1427,
      "total_eth": 4712.407383
    },
    "0.1-1 ETH": {
      "count": 931,
      "total_eth": 427.166345
    },
    "0.01-0.1 ETH": {
      "count": 817,
      "total_eth": 27.237603
    },
    "<0.01 ETH": {
      "count": 939,
      "total_eth": 2.974291
    }
  },
  "activity": [],
  "tvl": []
}