{"contract":"0x25a06d4e1f804ce62cf11b091180a5c84980d93a","contract_eth_balance":98.27947063,"total_eth":98.279471,"addresses_with_balance":216,"coverage_pct":100.0,"scan_date":"2026-05-02 13:32:31 UTC","distribution":{},"activity":null,"tvl":null}