{"contract":"0xe14ab3ee81abe340b45bb26b1b166a7d2df22585","contract_eth_balance":105.37633467,"total_eth":105.375419,"addresses_with_balance":1830,"coverage_pct":100.0,"scan_date":"2026-05-02 14:51:01 UTC","distribution":{},"activity":null,"tvl":null}